{"cameraMode":{"drawMode":0,"name":"Shaded","section":"Shading Mode"},"sceneLighting":true,"audioPlay":false,"sceneViewState":{"m_AlwaysRefresh":false,"showFog":true,"showSkybox":true,"showFlares":true,"showImageEffects":true,"showParticleSystems":true,"showVisualEffectGraphs":true,"m_FxEnabled":true},"in2DMode":false,"pivot":{"x":1.0386406183242798,"y":8.600212097167969,"z":-3.5760607719421388},"rotation":{"x":0.39523735642433169,"y":-0.005054546054452658,"z":0.0021867917384952308,"w":0.9186227917671204},"size":3.7109382152557375,"orthographic":false}