{"cameraMode":{"drawMode":0,"name":"Shaded","section":"Shading Mode"},"sceneLighting":true,"audioPlay":false,"sceneViewState":{"m_AlwaysRefresh":false,"showFog":true,"showSkybox":true,"showFlares":true,"showImageEffects":true,"showParticleSystems":true,"showVisualEffectGraphs":true,"m_FxEnabled":true},"in2DMode":false,"pivot":{"x":0.3035149574279785,"y":5.4737420082092289,"z":-6.885766506195068},"rotation":{"x":0.39523735642433169,"y":-0.005054546054452658,"z":0.0021867917384952308,"w":0.9186227917671204},"size":3.7109382152557375,"orthographic":false}